run_id,iter_started_at,iteration,games_file,num_games,avg_score,max_score,p1_avg,p2_avg,loss,policy_loss,value_loss,value_r2,avg_captures,avg_cap_ruins,avg_cap_villages,avg_cap_cities,avg_cap_capitals,avg_harvests,avg_builds,avg_research,avg_attacks,avg_revealed_tiles,avg_captured_tiles,avg_spt_t0,avg_spt_t5,avg_spt_t10,avg_spt_t15,avg_spt_t20,avg_spt_t25,avg_spt_t30,villages_t2c_first,villages_t2c_p50,villages_t2c_p80,villages_t2c_all,ruins_t2c_p50,ruins_t2c_p80,ruins_t2c_all,avg_moves,max_turns,policy_kl,decisive_frac,vlab_wl_share,vlab_td_absmean,vlab_wl_absmean,vlab_spt_absmean,match_type
1784424062,2026-07-19T01:21:04.187134+00:00,204,archive/games_1784424415.safetensors,100,5299.10009765625,9970,4814.9501953125,2228.0,3.0165,2.1136,0.8618,0.3962,8.680000305175781,3.140000104904175,2.940000057220459,1.4600000381469727,1.1399999856948853,8.010000228881836,32.33000183105469,16.510000228881836,26.31999969482422,197.66000366210938,57.59000015258789,2.0,3.2950000762939453,5.829787254333496,8.879746437072754,10.666666984558105,10.96875,12.199999809265137,6.980000019073486,10.569999694824219,16.190000534057617,16.399999618530273,11.779999732971191,27.709999084472656,27.709999084472656,394.5199890136719,45,1.261013103723526,0.8999999761581421,0.0,0.0,0.0,0.0,selfplay
1784424062,2026-07-19T01:35:31.875516+00:00,205,archive/games_1784425393.safetensors,100,5784.5498046875,12010,4457.0498046875,4231.39990234375,3.1953,2.0612,1.0805,0.2172,9.109999656677246,3.1500000953674316,2.859999895095825,1.9299999475479126,1.1699999570846558,15.220000267028809,55.369998931884766,21.959999084472656,48.41999816894531,205.33999633789062,64.37000274658203,2.0,4.394999980926514,6.192708492279053,8.82758617401123,10.56944465637207,11.605262756347656,12.523809432983398,8.15999984741211,10.479999542236328,15.949999809265137,16.1299991607666,11.239999771118164,29.1200008392334,29.1200008392334,585.75,45,1.2953454303741454,0.8100000023841858,0.0,0.0,0.0,0.0,selfplay
1784424062,2026-07-19T01:43:38.978472+00:00,206,archive/games_1784425898.safetensors,100,5931.5498046875,9820,4701.5,4016.5,3.154,2.0031,1.0986,0.2805,9.270000457763672,3.1600000858306885,3.0,2.0199999809265137,1.090000033378601,15.9399995803833,44.349998474121094,21.579999923706055,42.529998779296875,202.75,65.77999877929688,2.0,4.239999771118164,6.6861701011657715,9.64534854888916,11.554794311523438,12.382978439331055,13.157142639160156,7.909999847412109,9.979999542236328,16.239999771118164,16.34000015258789,11.699999809265137,28.809999465942383,28.809999465942383,530.0999755859375,45,1.215446256697178,0.8999999761581421,0.0,0.0,0.0,0.0,selfplay
1784424062,2026-07-19T01:52:08.845904+00:00,207,archive/games_1784426293.safetensors,100,5735.35009765625,11810,4390.14990234375,4240.10009765625,3.1852,1.9894,1.143,0.2773,8.869999885559082,3.0299999713897705,2.890000104904175,1.7799999713897705,1.1699999570846558,13.010000228881836,43.04999923706055,21.809999465942383,37.56999969482422,198.49000549316406,62.529998779296875,2.0,4.161616325378418,6.52717399597168,9.20121955871582,11.315384864807129,12.931818008422852,14.5,7.309999942779541,11.960000038146973,16.809999465942383,17.06999969482422,11.170000076293945,28.209999084472656,28.209999084472656,480.8900146484375,45,1.2118746367096902,0.8999999761581421,0.0,0.0,0.0,0.0,selfplay
1784424062,2026-07-19T01:58:49.096677+00:00,208,archive/games_1784426763.safetensors,100,5796.60009765625,9980,4638.7001953125,3941.300048828125,3.1463,1.9645,1.131,0.2915,9.15999984741211,3.200000047683716,2.9000000953674316,2.0,1.059999942779541,9.9399995803833,48.380001068115234,22.899999618530273,43.70000076293945,201.2100067138672,58.86000061035156,2.0,3.8450000286102295,6.9210524559021,9.45678997039795,11.007575988769531,11.744186401367188,12.676470756530762,7.360000133514404,9.8100004196167,15.84000015258789,15.9399995803833,10.489999771118164,25.270000457763672,25.270000457763672,521.719970703125,45,1.2634571975469588,0.8899999856948853,0.0,0.0,0.0,0.0,selfplay
1784424062,2026-07-19T02:06:48.064792+00:00,209,archive/games_1784427253.safetensors,100,5689.5498046875,9930,4279.2998046875,4134.39990234375,3.1403,1.9337,1.1558,0.2889,8.84000015258789,3.0799999237060547,2.8399999141693115,1.8700000047683716,1.0499999523162842,14.149999618530273,39.939998626708984,21.06999969482422,39.2400016784668,194.6699981689453,62.11000061035156,2.0,4.489999771118164,6.702127456665039,9.292682647705078,11.063491821289062,11.837499618530273,12.383333206176758,7.409999847412109,11.079999923706055,17.450000762939453,17.530000686645508,12.84000015258789,29.149999618530273,29.149999618530273,488.0799865722656,45,1.198779708147049,0.8899999856948853,0.0,0.0,0.0,0.0,selfplay
1784424062,2026-07-19T02:15:08.510208+00:00,210,archive/games_1784427686.safetensors,100,5535.60009765625,9700,2809.35009765625,4754.89990234375,3.0638,1.896,1.1183,0.306,9.149999618530273,3.319999933242798,2.9200000762939453,1.850000023841858,1.059999942779541,8.84000015258789,36.2599983215332,18.360000610351562,30.90999984741211,194.19000244140625,59.290000915527344,2.0,3.315000057220459,6.17391300201416,9.019230842590332,10.798245429992676,11.699999809265137,12.3695650100708,6.579999923706055,8.869999885559082,15.420000076293945,15.510000228881836,9.239999771118164,23.780000686645508,23.780000686645508,413.0899963378906,45,1.2842237812280655,0.8899999856948853,0.0,0.0,0.0,0.0,selfplay
1784424062,2026-07-19T02:22:23.919912+00:00,211,archive/games_1784428152.safetensors,100,5128.2998046875,8615,4695.7998046875,2382.10009765625,3.0261,1.8704,1.107,0.3079,8.369999885559082,3.059999942779541,2.5899999141693115,1.5099999904632568,1.2100000381469727,11.300000190734863,34.84000015258789,16.809999465942383,30.75,196.2899932861328,57.0099983215332,2.0,3.609999895095825,5.766666889190674,8.715277671813965,10.076923370361328,11.0625,11.129630088806152,8.850000381469727,11.619999885559082,18.299999237060547,18.469999313354492,11.359999656677246,30.059999465942383,30.059999465942383,425.2699890136719,45,1.2466432282328606,0.9300000071525574,0.0,0.0,0.0,0.0,selfplay
1784424062,2026-07-19T02:30:12.375101+00:00,212,archive/games_1784428700.safetensors,100,6157.2998046875,13720,4531.2001953125,4565.0498046875,3.0277,1.8908,1.0884,0.3046,8.5600004196167,3.0999999046325684,2.75,1.6799999475479126,1.0299999713897705,16.479999542236328,52.880001068115234,22.959999084472656,36.779998779296875,199.0500030517578,65.83999633789062,2.0,4.534999847412109,6.833333492279053,9.482758522033691,11.520270347595215,12.399999618530273,13.682927131652832,7.260000228881836,9.449999809265137,16.200000762939453,16.700000762939453,12.9399995803833,27.709999084472656,27.709999084472656,567.8499755859375,45,1.290532431602478,0.8500000238418579,0.0,0.0,0.0,0.0,selfplay
1784424062,2026-07-19T02:39:23.819376+00:00,213,archive/games_1784429187.safetensors,100,5667.0498046875,10735,4513.14990234375,4129.64990234375,3.0542,1.9242,1.0818,0.2951,8.449999809265137,3.109999895095825,2.690000057220459,1.5299999713897705,1.1200000047683716,15.079999923706055,49.33000183105469,22.540000915527344,35.290000915527344,196.16000366210938,63.33000183105469,2.0,4.940000057220459,7.010416507720947,9.91566276550293,11.7890625,12.666666984558105,13.583333015441895,8.720000267028809,10.84000015258789,17.229999542236328,17.440000534057617,11.800000190734863,26.860000610351562,26.860000610351562,508.45001220703125,45,1.2745800399780274,0.8899999856948853,0.0,0.0,0.0,0.0,selfplay
1784424062,2026-07-19T02:47:28.809876+00:00,214,archive/games_1784429536.safetensors,100,4983.0498046875,9265,4491.7001953125,2238.89990234375,2.9862,1.913,1.027,0.3139,8.789999961853027,3.0199999809265137,2.869999885559082,1.7300000190734863,1.1699999570846558,7.539999961853027,32.0,15.510000228881836,24.739999771118164,196.38999938964844,54.880001068115234,2.0,3.3888888359069824,6.086021423339844,8.229729652404785,9.754901885986328,10.196969985961914,10.795454978942871,5.420000076293945,8.1899995803833,15.449999809265137,15.449999809265137,8.75,26.790000915527344,26.790000915527344,369.20001220703125,45,1.252402286529541,0.9700000286102295,0.0,0.0,0.0,0.0,selfplay
1784424062,2026-07-19T02:53:15.587492+00:00,215,archive/games_1784430069.safetensors,100,5984.5498046875,11065,4797.10009765625,4231.75,3.0354,1.9555,1.033,0.3068,8.800000190734863,3.319999933242798,2.930000066757202,1.5199999809265137,1.0299999713897705,13.010000228881836,45.09000015258789,22.579999923706055,35.41999816894531,202.17999267578125,65.81999969482422,2.0,4.195000171661377,6.747311592102051,9.60465145111084,12.097222328186035,13.239583015441895,13.903225898742676,7.909999847412109,10.329999923706055,14.329999923706055,15.0,8.59000015258789,26.969999313354492,26.969999313354492,510.8999938964844,45,1.2284103953838348,0.8899999856948853,0.0,0.0,0.0,0.0,selfplay
1784424062,2026-07-19T03:02:11.925098+00:00,216,archive/games_1784430548.safetensors,100,5893.25,9470,4278.14990234375,4493.39990234375,3.0445,1.9721,1.0255,0.2986,8.880000114440918,3.059999942779541,2.809999942779541,1.8300000429153442,1.1799999475479126,12.3100004196167,47.34000015258789,22.700000762939453,35.68000030517578,201.13999938964844,61.619998931884766,2.0,4.204999923706055,6.7580647468566895,9.317072868347168,11.190140724182129,12.428571701049805,12.985294342041016,7.840000152587891,9.899999618530273,15.699999809265137,16.34000015258789,10.050000190734863,27.440000534057617,27.440000534057617,511.82000732421875,45,1.2692044699192047,0.8700000047683716,0.0,0.0,0.0,0.0,selfplay
1784424062,2026-07-19T03:10:10.725193+00:00,217,archive/games_1784430975.safetensors,100,5546.89990234375,10785,3553.550048828125,4367.14990234375,3.1134,2.0021,1.0628,0.2839,9.140000343322754,3.2300000190734863,3.0199999809265137,1.7999999523162842,1.090000033378601,12.979999542236328,44.560001373291016,18.709999084472656,33.310001373291016,199.97999572753906,63.20000076293945,2.0,4.070000171661377,6.979381561279297,9.586420059204102,11.455357551574707,12.487500190734863,13.209677696228027,5.699999809265137,8.3100004196167,16.989999771118164,17.030000686645508,11.4399995803833,27.6299991607666,27.6299991607666,465.79998779296875,45,1.2946044433116912,0.8799999952316284,0.0,0.0,0.0,0.0,selfplay
1784424062,2026-07-19T03:24:22.070657+00:00,218,archive/games_1784431845.safetensors,100,5477.39990234375,11485,4476.0,3262.300048828125,2.9814,2.1354,0.8046,0.4398,8.65999984741211,3.130000114440918,2.9600000381469727,1.409999966621399,1.159999966621399,12.319999694824219,53.18000030517578,18.139999389648438,33.779998779296875,197.47000122070312,63.099998474121094,2.0,4.398989677429199,7.208791255950928,9.941558837890625,11.653225898742676,12.25,12.842857360839844,6.650000095367432,8.979999542236328,15.550000190734863,15.75,8.920000076293945,28.229999542236328,28.229999542236328,494.3299865722656,45,1.3128996413946152,0.8700000047683716,0.0,0.0,0.0,0.0,selfplay
1784424062,2026-07-19T03:31:07.418849+00:00,219,archive/games_1784432285.safetensors,100,6067.75,9395,4682.39990234375,4431.0,3.0966,2.1182,0.9345,0.3867,8.970000267028809,3.2699999809265137,2.8499999046325684,1.6799999475479126,1.1699999570846558,14.130000114440918,50.15999984741211,24.149999618530273,41.540000915527344,202.3300018310547,64.0999984741211,2.0,4.65500020980835,7.25,10.133333206176758,11.675675392150879,12.076923370361328,12.98611068725586,6.789999961853027,8.819999694824219,15.65999984741211,15.800000190734863,8.1899995803833,26.780000686645508,26.780000686645508,554.6099853515625,45,1.3190100824832915,0.8700000047683716,0.0,0.0,0.0,0.0,selfplay
1784424062,2026-07-19T03:38:36.081417+00:00,220,archive/games_1784432625.safetensors,100,5193.2001953125,8820,2846.75,4356.35009765625,3.0598,2.0472,0.9683,0.389,9.470000267028809,3.25,3.140000104904175,1.809999942779541,1.2699999809265137,8.739999771118164,36.0,16.829999923706055,30.110000610351562,196.83999633789062,58.63999938964844,2.0,3.380000114440918,6.053763389587402,8.84666633605957,10.920000076293945,12.828125,12.913043022155762,5.369999885559082,8.84000015258789,16.030000686645508,16.260000228881836,8.6899995803833,27.149999618530273,27.149999618530273,401.04998779296875,45,1.2733662992715835,0.949999988079071,0.0,0.0,0.0,0.0,selfplay
1784424062,2026-07-19T03:44:17.162225+00:00,221,archive/games_1784433133.safetensors,100,6431.10009765625,10340,5000.4501953125,4351.39990234375,2.9962,2.0051,0.9449,0.3812,9.930000305175781,3.309999942779541,3.2200000286102295,2.309999942779541,1.0800000429153442,16.739999771118164,48.400001525878906,23.3799991607666,46.099998474121094,206.17999267578125,68.44000244140625,2.0,4.864999771118164,7.131313323974609,9.882022857666016,12.30434799194336,13.696078300476074,14.06944465637207,5.28000020980835,8.5,15.069999694824219,15.65999984741211,9.479999542236328,25.520000457763672,25.520000457763672,577.1900024414062,45,1.3287699753046036,0.8600000143051147,0.0,0.0,0.0,0.0,selfplay
1784424062,2026-07-19T03:52:56.821816+00:00,222,archive/games_1784433640.safetensors,100,6053.35009765625,12125,4974.14990234375,4049.75,2.9908,1.9883,0.9557,0.3723,9.630000114440918,3.380000114440918,3.2300000190734863,1.9600000381469727,1.059999942779541,11.90999984741211,49.470001220703125,22.389999389648438,45.060001373291016,213.0,67.02999877929688,2.0,3.615000009536743,6.4949493408203125,8.833333015441895,11.350000381469727,12.289999961853027,13.0,5.199999809265137,7.440000057220459,15.079999923706055,15.399999618530273,9.010000228881836,24.290000915527344,24.290000915527344,573.4400024414062,45,1.3335489380359649,0.8500000238418579,0.0,0.0,0.0,0.0,selfplay
1784424062,2026-07-19T04:01:34.432467+00:00,223,archive/games_1784434130.safetensors,100,5462.14990234375,10545,3099.050048828125,4448.85009765625,2.9808,1.9909,0.944,0.3818,8.75,3.0,2.9700000286102295,1.649999976158142,1.1299999952316284,13.0,44.349998474121094,17.030000686645508,29.15999984741211,196.6300048828125,63.13999938964844,2.0,3.974489688873291,6.189655303955078,8.681818008422852,11.377049446105957,12.726190567016602,13.142857551574707,8.3100004196167,10.920000076293945,17.93000030517578,18.270000457763672,13.15999984741211,30.780000686645508,30.780000686645508,467.4100036621094,45,1.2712628746032715,0.8999999761581421,0.0,0.0,0.0,0.0,selfplay
1784424062,2026-07-19T04:09:46.187474+00:00,224,archive/games_1784434551.safetensors,100,5401.4501953125,9065,4119.5498046875,4146.2001953125,2.9985,1.9678,0.9844,0.3574,8.760000228881836,3.2899999618530273,2.700000047683716,1.5199999809265137,1.25,10.170000076293945,34.86000061035156,21.3700008392334,39.459999084472656,208.6300048828125,56.61000061035156,2.0,3.7200000286102295,6.242105484008789,8.109756469726562,9.288135528564453,9.8695650100708,10.133333206176758,5.670000076293945,7.119999885559082,15.899999618530273,15.899999618530273,7.800000190734863,27.770000457763672,27.770000457763672,451.9599914550781,45,1.3154681533575059,0.8999999761581421,0.0,0.0,0.0,0.0,selfplay
1784424062,2026-07-19T04:16:53.966067+00:00,225,archive/games_1784434960.safetensors,100,5537.5,9695,4844.7001953125,2554.199951171875,2.975,1.9349,0.9936,0.3547,8.579999923706055,3.009999990463257,2.799999952316284,1.6200000047683716,1.149999976158142,12.3100004196167,33.459999084472656,17.209999084472656,30.100000381469727,198.0500030517578,59.61000061035156,2.0,4.119999885559082,6.75,9.506667137145996,10.307692527770996,11.402777671813965,12.19565200805664,5.699999809265137,7.760000228881836,16.260000228881836,16.350000381469727,9.569999694824219,28.81999969482422,28.81999969482422,409.6099853515625,45,1.2910871505737305,0.9399999976158142,0.0,0.0,0.0,0.0,selfplay
1784424062,2026-07-19T04:23:40.240186+00:00,226,archive/games_1784435422.safetensors,100,5525.7998046875,9045,2781.64990234375,4627.75,2.9074,1.8839,0.9781,0.3645,9.739999771118164,3.2100000381469727,3.2899999618530273,2.059999942779541,1.1799999475479126,11.640000343322754,38.2599983215332,17.56999969482422,35.380001068115234,203.9600067138672,61.220001220703125,2.0,3.740000009536743,6.052083492279053,8.27011489868164,9.7734375,10.404762268066406,11.119999885559082,5.389999866485596,8.460000038146973,14.579999923706055,16.059999465942383,9.109999656677246,25.799999237060547,25.799999237060547,453.29998779296875,45,1.3418362230062484,0.9300000071525574,0.0,0.0,0.0,0.0,selfplay
1784424062,2026-07-19T04:31:20.282237+00:00,227,archive/games_1784435826.safetensors,100,5099.85009765625,9400,2336.14990234375,4507.4501953125,2.9453,1.8864,1.0125,0.3395,8.729999542236328,2.950000047683716,2.880000114440918,1.75,1.149999976158142,12.619999885559082,36.29999923706055,14.670000076293945,27.450000762939453,192.99000549316406,59.619998931884766,2.0,3.8333332538604736,5.949438095092773,9.035714149475098,11.295918464660645,11.966666221618652,12.763157844543457,7.769999980926514,11.4399995803833,17.520000457763672,18.190000534057617,12.59000015258789,31.3799991607666,31.3799991607666,395.9100036621094,45,1.2272921895980835,0.9200000166893005,0.0,0.0,0.0,0.0,selfplay
1784424062,2026-07-19T04:38:06.213354+00:00,228,archive/games_1784436268.safetensors,100,5741.2001953125,11040,4522.25,4013.699951171875,2.9532,1.8816,1.0263,0.3437,8.550000190734863,3.109999895095825,2.799999952316284,1.4900000095367432,1.149999976158142,10.430000305175781,38.59000015258789,21.1299991607666,38.099998474121094,204.99000549316406,61.31999969482422,2.0,3.625,6.114583492279053,8.208860397338867,10.284615516662598,11.386363983154297,11.409090995788574,6.050000190734863,8.520000457763672,14.880000114440918,14.930000305175781,10.829999923706055,27.739999771118164,27.739999771118164,474.6300048828125,45,1.3077776354551316,0.8700000047683716,0.0,0.0,0.0,0.0,selfplay
1784424062,2026-07-19T04:45:27.415531+00:00,229,archive/games_1784436776.safetensors,100,5819.5498046875,9300,4313.10009765625,4082.75,2.944,1.8565,1.0425,0.3496,8.520000457763672,2.930000066757202,2.7699999809265137,1.7000000476837158,1.1200000047683716,14.420000076293945,39.5099983215332,21.6299991607666,41.68000030517578,199.27000427246094,60.790000915527344,2.0,4.46999979019165,6.489473819732666,8.90506362915039,11.142857551574707,12.077777862548828,12.464285850524902,6.429999828338623,8.399999618530273,15.619999885559082,15.800000190734863,13.789999961853027,31.09000015258789,31.09000015258789,493.92999267578125,45,1.2999708330631257,0.8999999761581421,0.0,0.0,0.0,0.0,selfplay
1784424062,2026-07-19T04:53:54.496624+00:00,230,archive/games_1784437642.safetensors,100,4935.89990234375,8715,4501.14990234375,2099.64990234375,2.8612,1.7814,1.0354,0.3451,8.420000076293945,2.869999885559082,2.690000057220459,1.690000057220459,1.1699999570846558,9.520000457763672,28.350000381469727,15.680000305175781,27.799999237060547,193.77000427246094,53.630001068115234,2.0,3.242424249649048,5.101190567016602,7.126865863800049,8.455357551574707,9.762499809265137,10.125,8.829999923706055,11.710000038146973,18.670000076293945,19.809999465942383,13.350000381469727,30.690000534057617,30.690000534057617,376.5,45,1.3055910950899123,0.9700000286102295,0.0,0.0,0.0,0.0,league
1784424062,2026-07-19T05:08:17.010289+00:00,231,archive/games_1784438033.safetensors,100,5023.14990234375,8840,4676.14990234375,2058.60009765625,2.7948,1.7663,0.9856,0.363,9.010000228881836,3.0399999618530273,2.859999895095825,2.0399999618530273,1.0700000524520874,9.510000228881836,29.350000381469727,16.290000915527344,30.040000915527344,191.24000549316406,53.95000076293945,2.0,3.7799999713897705,6.0,8.645833015441895,10.303921699523926,10.875,10.972222328186035,7.119999885559082,11.40999984741211,19.489999771118164,19.729999542236328,9.270000457763672,28.540000915527344,28.540000915527344,373.9100036621094,45,1.2520269626379013,0.949999988079071,0.0,0.0,0.0,0.0,selfplay
1784424062,2026-07-19T05:14:47.057599+00:00,232,archive/games_1784438537.safetensors,100,5366.5498046875,8855,3827.800048828125,4204.64990234375,2.8357,1.7741,1.0174,0.3467,8.829999923706055,3.140000104904175,2.9100000858306885,1.690000057220459,1.090000033378601,10.779999732971191,35.2599983215332,19.639999389648438,38.15999984741211,207.35000610351562,60.88999938964844,2.0,3.6700000762939453,6.27717399597168,8.740740776062012,10.333333015441895,11.421052932739258,12.230769157409668,5.300000190734863,8.079999923706055,14.960000038146973,15.15999984741211,10.859999656677246,27.899999618530273,27.899999618530273,469.260009765625,45,1.2889242440462112,0.8899999856948853,0.0,0.0,0.0,0.0,selfplay
1784424062,2026-07-19T05:23:12.779173+00:00,233,archive/games_1784438957.safetensors,100,4716.35009765625,8940,4505.7998046875,1703.9000244140625,2.8036,1.7688,0.9905,0.3475,8.09000015258789,2.7300000190734863,2.680000066757202,1.590000033378601,1.090000033378601,9.40999984741211,29.280000686645508,14.680000305175781,28.440000534057617,185.92999267578125,53.150001525878906,2.0,3.640000104904175,5.698795318603516,8.112675666809082,9.641304016113281,10.800000190734863,11.119047164916992,8.390000343322754,13.260000228881836,20.31999969482422,20.3700008392334,12.829999923706055,31.1200008392334,31.1200008392334,373.07000732421875,45,1.2960379773378372,0.9399999976158142,0.0,0.0,0.0,0.0,selfplay
1784424062,2026-07-19T05:30:10.225009+00:00,234,archive/games_1784439471.safetensors,100,5910.10009765625,11550,4426.2998046875,4456.14990234375,2.8193,1.7813,0.9934,0.3342,9.420000076293945,3.3499999046325684,3.0,1.9900000095367432,1.0800000429153442,12.569999694824219,46.029998779296875,21.950000762939453,41.400001525878906,209.8000030517578,64.0999984741211,2.0,3.674999952316284,6.479166507720947,9.050561904907227,11.25,12.41489315032959,12.828125,5.989999771118164,8.130000114440918,15.220000267028809,15.34000015258789,8.829999923706055,24.729999542236328,24.729999542236328,521.22998046875,45,1.3348619294166566,0.8500000238418579,0.0,0.0,0.0,0.0,selfplay
1784424062,2026-07-19T05:38:49.193417+00:00,235,archive/games_1784439935.safetensors,100,4674.39990234375,8945,2540.300048828125,3916.14990234375,2.7798,1.7573,0.9786,0.3408,8.479999542236328,2.9800000190734863,2.759999990463257,1.6799999475479126,1.059999942779541,9.729999542236328,25.049999237060547,15.399999618530273,29.190000534057617,192.85000610351562,54.439998626708984,2.0,3.7121212482452393,5.883720874786377,8.110294342041016,9.606383323669434,9.939393997192383,11.70588207244873,5.769999980926514,9.4399995803833,20.84000015258789,21.170000076293945,10.8100004196167,31.43000030517578,31.43000030517578,354.7099914550781,45,1.2837816148996353,0.9599999785423279,0.0,0.0,0.0,0.0,selfplay
1784424062,2026-07-19T05:46:27.455198+00:00,236,archive/games_1784440360.safetensors,100,5334.14990234375,11375,4764.7001953125,2263.550048828125,2.7279,1.7736,0.9119,0.3524,8.9399995803833,2.9800000190734863,3.130000114440918,1.7200000286102295,1.1100000143051147,13.109999656677246,36.369998931884766,15.899999618530273,25.280000686645508,192.44000244140625,59.810001373291016,2.0,3.825000047683716,5.768421173095703,8.435065269470215,11.019230842590332,12.38888931274414,13.043478012084961,5.760000228881836,9.029999732971191,15.65999984741211,16.25,13.029999732971191,29.170000076293945,29.170000076293945,413.0299987792969,45,1.2955346456170083,0.9100000262260437,0.0,0.0,0.0,0.0,selfplay
1784424062,2026-07-19T05:53:33.045337+00:00,237,archive/games_1784440922.safetensors,100,6139.0498046875,9380,4989.5498046875,4317.0498046875,2.8399,1.8161,0.9775,0.3197,10.119999885559082,3.3499999046325684,3.190000057220459,2.309999942779541,1.2699999809265137,14.319999694824219,49.93000030517578,24.700000762939453,56.95000076293945,211.14999389648438,66.66000366210938,2.0,4.164999961853027,6.719387531280518,8.67415714263916,10.41772174835205,11.4453125,11.949999809265137,5.760000228881836,7.559999942779541,13.949999809265137,14.279999732971191,9.5600004196167,25.25,25.25,614.3699951171875,45,1.4069619673490523,0.8299999833106995,0.0,0.0,0.0,0.0,selfplay
1784424062,2026-07-19T06:03:00.003718+00:00,238,archive/games_1784441433.safetensors,100,5759.7001953125,9630,4360.75,4081.699951171875,2.9178,1.8431,1.026,0.2997,9.390000343322754,3.0999999046325684,2.930000066757202,2.190000057220459,1.1699999570846558,13.180000305175781,43.02000045776367,21.309999465942383,49.720001220703125,208.9199981689453,62.34000015258789,2.0,4.150000095367432,6.6489362716674805,8.77439022064209,10.788732528686523,11.566038131713867,12.20588207244873,5.480000019073486,7.980000019073486,16.56999969482422,16.920000076293945,10.279999732971191,27.65999984741211,27.65999984741211,540.2899780273438,45,1.3203614461421966,0.8600000143051147,0.0,0.0,0.0,0.0,selfplay
1784424062,2026-07-19T06:11:32.657281+00:00,239,archive/games_1784441919.safetensors,100,5713.25,13575,4802.0498046875,3901.800048828125,2.9801,1.8729,1.0579,0.2733,8.479999542236328,3.049999952316284,2.7699999809265137,1.559999942779541,1.100000023841858,13.0,41.90999984741211,22.299999237060547,35.849998474121094,200.8000030517578,59.79999923706055,2.0,4.079999923706055,6.553763389587402,9.081250190734863,11.711864471435547,12.56382942199707,13.117647171020508,7.039999961853027,9.729999542236328,17.170000076293945,17.440000534057617,11.229999542236328,28.06999969482422,28.06999969482422,482.1700134277344,45,1.2766984140872955,0.8899999856948853,0.0,0.0,0.0,0.0,selfplay
1784424062,2026-07-19T06:19:37.276735+00:00,240,archive/games_1784442779.safetensors,100,5665.2001953125,9375,4285.7998046875,4330.39990234375,2.9951,1.8759,1.0702,0.287,8.369999885559082,3.119999885559082,2.5799999237060547,1.4299999475479126,1.2400000095367432,11.09000015258789,35.150001525878906,22.18000030517578,38.130001068115234,203.55999755859375,59.65999984741211,2.0,3.4649999141693115,5.637362480163574,7.8086419105529785,9.801587104797363,10.958333015441895,11.662161827087402,7.539999961853027,9.880000114440918,16.889999389648438,17.1200008392334,12.970000267028809,30.739999771118164,30.739999771118164,477.5400085449219,45,1.2967932498455048,0.8999999761581421,0.0,0.0,0.0,0.0,league
1784424062,2026-07-19T06:33:59.268267+00:00,241,archive/games_1784443239.safetensors,100,5715.14990234375,9190,4473.5498046875,3792.75,2.9206,1.8359,1.0376,0.3265,8.880000114440918,3.1500000953674316,2.7699999809265137,1.809999942779541,1.149999976158142,10.220000267028809,31.0,21.6200008392334,39.439998626708984,207.47999572753906,58.27000045776367,2.0,3.5199999809265137,5.930107593536377,8.222891807556152,9.708954811096191,10.639534950256348,11.203703880310059,6.019999980926514,8.989999771118164,15.079999923706055,15.180000305175781,8.579999923706055,26.809999465942383,26.809999465942383,457.04998779296875,45,1.2465500617027283,0.9399999976158142,0.0,0.0,0.0,0.0,selfplay
1784424062,2026-07-19T06:41:39.672435+00:00,242,archive/games_1784443758.safetensors,100,5415.0498046875,10860,4497.89990234375,3586.25,2.8975,1.8205,1.0301,0.3392,8.960000038146973,3.2100000381469727,2.9800000190734863,1.649999976158142,1.1200000047683716,9.390000343322754,31.0,20.90999984741211,38.83000183105469,204.2899932861328,57.13999938964844,2.0,3.5999999046325684,6.031914710998535,8.075949668884277,10.140351295471191,10.449999809265137,10.870369911193848,5.079999923706055,8.09000015258789,14.149999618530273,14.369999885559082,8.8100004196167,27.719999313354492,27.719999313354492,439.42999267578125,45,1.3260775572061538,0.949999988079071,0.0,0.0,0.0,0.0,selfplay
1784424062,2026-07-19T06:50:16.839767+00:00,243,archive/games_1784444216.safetensors,100,5215.7998046875,9370,4252.75,3627.85009765625,2.9287,1.7873,1.0938,0.3153,8.260000228881836,2.9700000286102295,2.690000057220459,1.5800000429153442,1.0199999809265137,9.510000228881836,29.34000015258789,20.59000015258789,39.2400016784668,199.82000732421875,55.529998779296875,2.0,3.4800000190734863,5.961538314819336,7.862318992614746,9.44339656829834,9.787500381469727,10.277777671813965,7.929999828338623,9.859999656677246,16.729999542236328,16.729999542236328,12.100000381469727,31.25,31.25,427.8800048828125,45,1.2385414552688598,0.8999999761581421,0.0,0.0,0.0,0.0,selfplay
1784424062,2026-07-19T06:57:57.954602+00:00,244,archive/games_1784444672.safetensors,100,5226.2001953125,9800,2246.5,4693.7998046875,2.8733,1.7584,1.07,0.3255,8.65999984741211,3.0199999809265137,2.7699999809265137,1.7799999713897705,1.090000033378601,10.859999656677246,34.65999984741211,16.059999465942383,29.059999465942383,193.17999267578125,55.9900016784668,2.0,3.6464645862579346,5.886363506317139,7.871621608734131,10.201754570007324,11.097222328186035,11.409090995788574,8.210000038146973,10.460000038146973,17.93000030517578,18.520000457763672,12.8100004196167,29.649999618530273,29.649999618530273,413.6000061035156,45,1.271637697815895,0.8999999761581421,0.0,0.0,0.0,0.0,selfplay
1784424062,2026-07-19T07:05:29.760303+00:00,245,archive/games_1784445257.safetensors,100,6182.25,10080,5054.89990234375,4394.10009765625,2.8215,1.74,1.038,0.3439,8.8100004196167,3.1600000858306885,2.940000057220459,1.600000023841858,1.1100000143051147,16.56999969482422,49.400001525878906,24.770000457763672,43.11000061035156,202.16000366210938,65.51000213623047,2.0,4.574999809265137,6.768421173095703,9.138554573059082,11.204225540161133,12.962963104248047,13.51111125946045,5.550000190734863,7.949999809265137,16.059999465942383,16.239999771118164,12.600000381469727,28.649999618530273,28.649999618530273,573.6099853515625,45,1.2944857782125474,0.8700000047683716,0.0,0.0,0.0,0.0,selfplay
1784424062,2026-07-19T07:15:17.256527+00:00,246,archive/games_1784445763.safetensors,100,6010.10009765625,12085,4640.4501953125,4280.0,2.7088,1.692,0.9749,0.3856,9.239999771118164,3.190000057220459,2.990000009536743,1.909999966621399,1.149999976158142,10.949999809265137,39.630001068115234,22.969999313354492,44.540000915527344,203.58999633789062,61.95000076293945,2.0,3.494999885559082,6.126373767852783,8.701298713684082,10.29365062713623,11.633333206176758,12.34615421295166,6.230000019073486,9.029999732971191,15.40999984741211,15.550000190734863,12.369999885559082,26.1200008392334,26.1200008392334,510.489990234375,45,1.3377991181612015,0.8899999856948853,0.0,0.0,0.0,0.0,selfplay
1784424062,2026-07-19T07:23:43.163118+00:00,247,archive/games_1784446247.safetensors,100,5657.0498046875,10025,2396.699951171875,5018.9501953125,2.6896,1.6917,0.9566,0.3856,8.859999656677246,3.190000057220459,2.9000000953674316,1.659999966621399,1.1100000143051147,12.430000305175781,36.68000030517578,17.520000457763672,26.81999969482422,195.5500030517578,58.970001220703125,2.0,3.959183692932129,5.726315975189209,8.419753074645996,9.843283653259277,10.897436141967773,10.795454978942871,6.170000076293945,8.970000267028809,16.84000015258789,17.020000457763672,11.0,24.1299991607666,24.1299991607666,428.6700134277344,45,1.3278962641954422,0.9399999976158142,0.0,0.0,0.0,0.0,selfplay
1784424062,2026-07-19T07:31:45.716399+00:00,248,archive/games_1784446676.safetensors,100,5011.9501953125,9180,4634.89990234375,1941.5,2.6775,1.6888,0.9475,0.3733,8.949999809265137,2.9000000953674316,2.9700000286102295,1.940000057220459,1.1399999856948853,9.430000305175781,32.83000183105469,15.369999885559082,28.760000228881836,187.89999389648438,55.09000015258789,2.0,3.559999942779541,5.627777576446533,8.054794311523438,9.510204315185547,10.1875,10.886363983154297,4.920000076293945,9.15999984741211,18.170000076293945,18.600000381469727,12.75,30.489999771118164,30.489999771118164,388.5799865722656,45,1.3015487587451935,0.8999999761581421,0.0,0.0,0.0,0.0,selfplay
1784424062,2026-07-19T07:38:53.757242+00:00,249,archive/games_1784447099.safetensors,100,4986.25,10295,4739.25,1829.1500244140625,2.6829,1.7095,0.9327,0.3632,8.369999885559082,2.9000000953674316,2.880000114440918,1.4199999570846558,1.1699999570846558,7.210000038146973,30.959999084472656,14.75,23.530000686645508,192.22999572753906,55.560001373291016,2.0,3.0858585834503174,5.615384578704834,8.022388458251953,9.922222137451172,10.466666221618652,11.642857551574707,5.690000057220459,9.239999771118164,15.930000305175781,16.100000381469727,9.890000343322754,32.33000183105469,32.33000183105469,353.2900085449219,45,1.2765724068880082,0.9300000071525574,0.0,0.0,0.0,0.0,selfplay
1784424062,2026-07-19T07:45:53.297536+00:00,250,archive/games_1784447992.safetensors,100,5446.2998046875,10075,2690.800048828125,4781.0,2.6279,1.7189,0.8696,0.3969,8.5600004196167,3.0,2.869999885559082,1.649999976158142,1.0399999618530273,12.119999885559082,37.43000030517578,18.1299991607666,25.84000015258789,193.50999450683594,57.20000076293945,2.0,3.924999952316284,5.6460676193237305,7.98701286315918,10.235294342041016,11.128205299377441,11.678571701049805,6.929999828338623,11.210000038146973,19.56999969482422,19.780000686645508,12.09000015258789,31.450000762939453,31.450000762939453,420.3500061035156,45,1.3234494298696518,0.8899999856948853,0.0,0.0,0.0,0.0,league
1784424062,2026-07-19T08:00:48.185360+00:00,251,archive/games_1784448431.safetensors,100,5184.64990234375,9110,2013.6500244140625,4836.5,2.627,1.736,0.8519,0.4137,9.020000457763672,3.1500000953674316,2.9100000858306885,1.7999999523162842,1.149999976158142,7.309999942779541,37.52000045776367,15.59000015258789,26.479999542236328,193.57000732421875,56.15999984741211,2.0,3.2149999141693115,5.775280952453613,8.006173133850098,9.336363792419434,10.147058486938477,11.75,5.960000038146973,9.359999656677246,16.450000762939453,16.950000762939453,9.680000305175781,25.25,25.25,395.7699890136719,45,1.3025296938419342,0.9100000262260437,0.0,0.0,0.0,0.0,selfplay
1784424062,2026-07-19T08:08:06.057751+00:00,252,archive/games_1784448835.safetensors,100,5879.4501953125,9635,4270.5498046875,4514.75,2.6679,1.7773,0.8516,0.4101,8.800000190734863,3.2899999618530273,2.799999952316284,1.5700000524520874,1.1399999856948853,12.979999542236328,37.2599983215332,23.190000534057617,31.1200008392334,195.67999267578125,62.38999938964844,2.0,4.315000057220459,6.842391490936279,9.8125,11.595237731933594,12.567567825317383,13.399999618530273,7.360000133514404,10.050000190734863,15.829999923706055,15.880000114440918,8.180000305175781,24.1299991607666,24.1299991607666,445.79998779296875,45,1.2378802159428597,0.9100000262260437,0.0,0.0,0.0,0.0,selfplay
1784424062,2026-07-19T08:14:49.413841+00:00,253,archive/games_1784449314.safetensors,100,6086.7998046875,9390,4702.0,4189.5,2.6908,1.8023,0.8495,0.4111,9.5600004196167,3.3499999046325684,3.0299999713897705,1.9800000190734863,1.2000000476837158,10.670000076293945,41.4900016784668,23.780000686645508,44.459999084472656,210.2899932861328,60.72999954223633,2.0,3.674999952316284,6.386598110198975,8.42934799194336,10.053333282470703,10.773585319519043,11.5,5.619999885559082,7.960000038146973,13.220000267028809,13.65999984741211,8.100000381469727,23.360000610351562,23.360000610351562,524.5700073242188,45,1.4068407368659974,0.8799999952316284,0.0,0.0,0.0,0.0,selfplay
1784424062,2026-07-19T08:22:49.945757+00:00,254,archive/games_1784449804.safetensors,100,5806.4501953125,9595,4626.7001953125,4083.14990234375,2.7682,1.8198,0.9067,0.3688,8.899999618530273,3.190000057220459,2.9200000762939453,1.6699999570846558,1.1200000047683716,14.289999961853027,43.84000015258789,22.459999084472656,38.61000061035156,196.83999633789062,60.779998779296875,2.0,4.659999847412109,7.112903118133545,9.670886039733887,11.186567306518555,12.134146690368652,12.766666412353516,6.860000133514404,10.119999885559082,17.030000686645508,18.059999465942383,11.100000381469727,27.610000610351562,27.610000610351562,492.54998779296875,45,1.2801928263902664,0.8999999761581421,0.0,0.0,0.0,0.0,selfplay
1784424062,2026-07-19T08:31:00.213913+00:00,255,archive/games_1784450202.safetensors,100,4720.89990234375,10935,2110.39990234375,4224.35009765625,2.7557,1.8227,0.8916,0.3854,7.840000152587891,2.7799999713897705,2.6500000953674316,1.340000033378601,1.0700000524520874,7.03000020980835,33.95000076293945,14.600000381469727,22.549999237060547,190.89999389648438,51.779998779296875,2.0,2.964646577835083,5.339080333709717,7.198412895202637,9.197916984558105,9.92424201965332,10.574999809265137,5.070000171661377,8.859999656677246,18.709999084472656,18.719999313354492,12.920000076293945,29.389999389648438,29.389999389648438,359.70001220703125,45,1.2902381777763368,0.9300000071525574,0.0,0.0,0.0,0.0,selfplay
1784424062,2026-07-19T08:37:36.272891+00:00,256,archive/games_1784450736.safetensors,100,6147.64990234375,12505,4672.10009765625,4405.89990234375,2.8219,1.8296,0.9491,0.3609,8.859999656677246,3.1700000762939453,2.8299999237060547,1.7799999713897705,1.0800000429153442,11.079999923706055,43.369998931884766,23.479999542236328,42.16999816894531,210.36000061035156,61.54999923706055,2.0,3.615000009536743,6.252688407897949,8.643677711486816,10.420000076293945,11.570175170898438,11.757143020629883,6.179999828338623,8.789999961853027,15.25,15.479999542236328,10.8100004196167,27.1200008392334,27.1200008392334,534.4000244140625,45,1.3148611557483674,0.8600000143051147,0.0,0.0,0.0,0.0,selfplay
1784424062,2026-07-19T08:46:33.844604+00:00,257,archive/games_1784451196.safetensors,100,5054.10009765625,9275,4421.60009765625,2536.75,2.8725,1.8373,0.9914,0.3407,8.859999656677246,3.2200000286102295,2.7899999618530273,1.7000000476837158,1.149999976158142,9.699999809265137,36.849998474121094,16.770000457763672,33.16999816894531,196.1699981689453,55.060001373291016,2.0,3.609999895095825,5.835165023803711,7.753333568572998,9.125,10.154762268066406,10.818181991577148,7.71999979019165,9.890000343322754,15.220000267028809,16.270000457763672,8.529999732971191,25.15999984741211,25.15999984741211,428.6199951171875,45,1.275657181739807,0.9200000166893005,0.0,0.0,0.0,0.0,selfplay
1784424062,2026-07-19T08:54:12.194196+00:00,258,archive/games_1784451616.safetensors,100,5029.85009765625,9475,4453.14990234375,2233.64990234375,2.8785,1.8351,0.9991,0.3255,8.069999694824219,2.9000000953674316,2.680000066757202,1.350000023841858,1.1399999856948853,11.350000381469727,33.13999938964844,15.350000381469727,24.520000457763672,183.00999450683594,55.97999954223633,2.0,4.308080673217773,6.035294055938721,8.82575798034668,10.947916984558105,11.785714149475098,12.3421049118042,6.980000019073486,11.890000343322754,20.3700008392334,20.56999969482422,11.989999771118164,29.969999313354492,29.969999313354492,362.82000732421875,45,1.2067073142528535,0.9599999785423279,0.0,0.0,0.0,0.0,selfplay
1784424062,2026-07-19T09:01:11.625570+00:00,259,archive/games_1784452048.safetensors,100,5103.0498046875,9345,2735.300048828125,4165.89990234375,2.8513,1.8233,0.9846,0.3417,8.350000381469727,2.880000114440918,2.890000104904175,1.5199999809265137,1.059999942779541,12.039999961853027,35.54999923706055,15.739999771118164,26.049999237060547,187.3699951171875,60.150001525878906,2.0,4.333333492279053,6.373684406280518,8.844594955444336,10.622641563415527,12.431034088134766,13.0,6.260000228881836,9.3100004196167,17.0,17.790000915527344,13.199999809265137,30.280000686645508,30.280000686645508,386.6700134277344,45,1.2214418947696686,0.9399999976158142,0.0,0.0,0.0,0.0,selfplay
1784424062,2026-07-19T09:08:23.406478+00:00,260,archive/games_1784453069.safetensors,100,6198.5498046875,10100,5029.9501953125,4431.64990234375,2.8908,1.8485,0.998,0.3226,8.779999732971191,3.1500000953674316,3.049999952316284,1.5499999523162842,1.0299999713897705,15.220000267028809,44.029998779296875,24.889999389648438,47.65999984741211,202.41000366210938,64.88999938964844,2.0,4.199999809265137,6.122340202331543,8.580459594726562,10.190140724182129,11.5,12.1875,7.199999809265137,10.050000190734863,16.920000076293945,17.299999237060547,10.770000457763672,30.139999389648438,30.139999389648438,560.4199829101562,45,1.3611344331502915,0.8399999737739563,0.0,0.0,0.0,0.0,league
1784424062,2026-07-19T09:25:27.017634+00:00,261,archive/games_1784453595.safetensors,100,6338.4501953125,10430,4649.25,4790.10009765625,2.9198,1.8708,1.0043,0.3267,9.359999656677246,3.309999942779541,3.140000104904175,1.899999976158142,1.0099999904632568,13.710000038146973,51.09000015258789,23.739999771118164,44.90999984741211,209.22000122070312,68.20999908447266,2.0,4.275000095367432,6.863636493682861,9.483333587646484,11.4436616897583,13.166666984558105,13.657142639160156,5.610000133514404,8.9399995803833,14.579999923706055,14.760000228881836,9.109999656677246,24.979999542236328,24.979999542236328,565.7100219726562,45,1.30072967171669,0.8199999928474426,0.0,0.0,0.0,0.0,selfplay
1784424062,2026-07-19T09:34:13.675896+00:00,262,archive/games_1784454083.safetensors,100,5416.14990234375,10065,2565.199951171875,4805.7001953125,2.9312,1.8721,1.0131,0.3094,9.210000038146973,3.200000047683716,2.799999952316284,2.0399999618530273,1.1699999570846558,10.960000038146973,45.2599983215332,17.209999084472656,33.7400016784668,197.17999267578125,58.65999984741211,2.0,4.095959663391113,6.862637519836426,9.506329536437988,10.653060913085938,12.069766998291016,12.629032135009766,6.869999885559082,9.34000015258789,16.290000915527344,16.360000610351562,10.550000190734863,27.3799991607666,27.3799991607666,456.69000244140625,45,1.2766380143165588,0.8799999952316284,0.0,0.0,0.0,0.0,selfplay
1784424062,2026-07-19T09:42:22.286386+00:00,263,archive/games_1784454549.safetensors,100,5303.2001953125,10275,2380.199951171875,4681.14990234375,2.8944,1.8876,0.9622,0.34,8.619999885559082,2.930000066757202,2.75,1.7200000286102295,1.2200000286102295,10.430000305175781,41.65999984741211,16.049999237060547,27.770000457763672,191.1199951171875,57.779998779296875,2.0,3.790816307067871,6.318181991577148,9.171233177185059,11.105262756347656,12.071428298950195,13.452381134033203,8.130000114440918,11.09000015258789,18.549999237060547,18.6200008392334,13.59000015258789,29.489999771118164,29.489999771118164,417.32000732421875,45,1.2597922432422637,0.9100000262260437,0.0,0.0,0.0,0.0,selfplay
1784424062,2026-07-19T09:50:06.594264+00:00,264,archive/games_1784455058.safetensors,100,6030.75,10725,4875.25,4220.0,2.9332,1.9121,0.975,0.3362,9.569999694824219,3.3299999237060547,3.109999895095825,2.200000047683716,0.9300000071525574,10.869999885559082,46.380001068115234,23.6299991607666,50.68000030517578,211.1699981689453,63.0,2.0,3.765000104904175,6.407216548919678,8.387096405029297,10.659090995788574,11.815789222717285,12.170731544494629,4.889999866485596,6.369999885559082,14.239999771118164,14.359999656677246,9.699999809265137,21.709999084472656,21.709999084472656,572.7100219726562,45,1.3423432356119156,0.800000011920929,0.0,0.0,0.0,0.0,selfplay
1784424062,2026-07-19T09:58:40.645451+00:00,265,archive/games_1784455514.safetensors,100,5417.14990234375,9305,2892.64990234375,4452.89990234375,2.9199,1.8963,0.9774,0.3507,8.710000038146973,3.059999942779541,2.8399999141693115,1.7400000095367432,1.0700000524520874,11.199999809265137,41.31999969482422,16.950000762939453,33.04999923706055,197.66000366210938,60.66999816894531,2.0,3.680000066757202,6.129032135009766,8.53797435760498,10.18852424621582,11.05434799194336,12.109375,8.079999923706055,10.859999656677246,16.40999984741211,16.780000686645508,10.770000457763672,28.979999542236328,28.979999542236328,457.25,45,1.3212002551555633,0.8799999952316284,0.0,0.0,0.0,0.0,selfplay
1784424062,2026-07-19T10:06:15.977607+00:00,266,archive/games_1784455954.safetensors,100,5425.7001953125,9635,5104.7001953125,2117.10009765625,2.8765,1.8917,0.9388,0.3499,8.350000381469727,2.950000047683716,2.809999942779541,1.5399999618530273,1.0499999523162842,12.789999961853027,39.41999816894531,17.219999313354492,26.43000030517578,187.1300048828125,59.2400016784668,2.0,4.224999904632568,6.370588302612305,8.871622085571289,10.93220329284668,11.803030014038086,13.431818008422852,7.539999961853027,10.640000343322754,18.420000076293945,18.969999313354492,12.119999885559082,29.8799991607666,29.8799991607666,416.489990234375,45,1.2377019435167314,0.9100000262260437,0.0,0.0,0.0,0.0,selfplay
1784424062,2026-07-19T10:13:34.643575+00:00,267,archive/games_1784456369.safetensors,100,5132.85009765625,8955,4784.5,2080.10009765625,2.8486,1.8863,0.9178,0.3607,8.279999732971191,3.1700000762939453,2.5399999618530273,1.4500000476837158,1.1200000047683716,8.979999542236328,32.86000061035156,16.8799991607666,29.600000381469727,194.9199981689453,52.560001373291016,2.0,3.6549999713897705,5.585106372833252,7.392405033111572,8.794642448425293,9.039473533630371,9.604166984558105,5.360000133514404,7.460000038146973,15.350000381469727,15.710000038146973,10.420000076293945,28.270000457763672,28.270000457763672,395.7900085449219,45,1.303015437722206,0.9200000166893005,0.0,0.0,0.0,0.0,selfplay
1784424062,2026-07-19T19:39:44.307050+00:00,268,archive/games_1784490417.safetensors,100,6094.64990234375,9770,4814.60009765625,4181.5498046875,3.1074,1.9162,1.1398,0.3709,9.109999656677246,3.0799999237060547,2.9000000953674316,1.9900000095367432,1.1399999856948853,15.199999809265137,46.150001525878906,23.559999465942383,45.77000045776367,197.85000610351562,64.66000366210938,2.0,4.954999923706055,7.078125,9.357142448425293,11.3515625,12.122448921203613,12.676470756530762,7.840000152587891,10.079999923706055,16.8700008392334,17.729999542236328,11.9399995803833,28.75,28.75,535.489990234375,45,1.2789814746379853,0.8600000143051147,0.0,0.0,0.0,0.0,selfplay
1784424062,2026-07-19T19:47:21.385758+00:00,269,archive/games_1784490791.safetensors,100,5208.0498046875,8645,2448.300048828125,4534.7001953125,2.885,1.804,1.035,0.3998,9.489999771118164,3.25,3.0,2.069999933242798,1.1699999570846558,9.449999809265137,40.68000030517578,16.360000610351562,35.77000045776367,197.85000610351562,58.41999816894531,2.0,3.60606050491333,5.718085289001465,7.756097793579102,9.4180326461792,10.166666984558105,10.449999809265137,5.630000114440918,8.479999542236328,15.84000015258789,16.270000457763672,9.699999809265137,25.489999771118164,25.489999771118164,449.7900085449219,45,1.3513125824928283,0.8999999761581421,0.0,0.0,0.0,0.0,selfplay
1784424062,2026-07-19T19:53:38.775454+00:00,270,archive/games_1784491357.safetensors,100,6148.2001953125,9365,4803.64990234375,4640.0,2.8577,1.7807,1.0293,0.3624,10.260000228881836,3.6700000762939453,2.990000009536743,2.4100000858306885,1.190000057220459,10.989999771118164,50.40999984741211,24.8700008392334,61.86000061035156,215.6199951171875,63.029998779296875,2.0,3.494999885559082,6.175257682800293,8.197802543640137,9.868749618530273,10.6171875,11.255319595336914,5.260000228881836,7.380000114440918,12.859999656677246,12.859999656677246,7.179999828338623,21.90999984741211,21.90999984741211,611.8800048828125,45,1.3946321046352386,0.7699999809265137,0.0,0.0,0.0,0.0,selfplay
1784424062,2026-07-19T20:03:17.532178+00:00,271,archive/games_1784491877.safetensors,100,5681.60009765625,10530,4404.35009765625,4146.60009765625,2.8282,1.7442,1.0361,0.3406,9.34000015258789,3.190000057220459,2.819999933242798,2.200000047683716,1.1200000047683716,10.329999923706055,39.220001220703125,21.959999084472656,47.119998931884766,209.89999389648438,59.75,2.0,3.359999895095825,6.127777576446533,8.216867446899414,9.578125,10.594339370727539,11.277777671813965,6.440000057220459,8.920000076293945,15.609999656677246,15.829999923706055,9.510000228881836,26.670000076293945,26.670000076293945,510.010009765625,45,1.3280802518129349,0.8700000047683716,0.0,0.0,0.0,0.0,selfplay
1784424062,2026-07-19T20:12:02.507429+00:00,272,archive/games_1784492263.safetensors,100,4780.2001953125,9750,4579.64990234375,1747.5999755859375,2.7357,1.7059,0.9839,0.3396,7.599999904632568,2.950000047683716,2.5199999809265137,1.1100000143051147,1.0199999809265137,8.899999618530273,28.399999618530273,14.880000114440918,24.079999923706055,183.61000061035156,51.369998931884766,2.0,3.2799999713897705,5.162790775299072,6.8972601890563965,8.899999618530273,9.471428871154785,9.8125,8.109999656677246,12.670000076293945,18.0,18.25,11.420000076293945,28.34000015258789,28.34000015258789,368.9700012207031,45,1.2584070575237274,0.9200000166893005,0.0,0.0,0.0,0.0,selfplay
1784424062,2026-07-19T20:18:31.090422+00:00,273,archive/games_1784492819.safetensors,100,6355.25,10815,4977.9501953125,4759.4501953125,2.7251,1.7155,0.9631,0.3406,9.199999809265137,3.130000114440918,2.9700000286102295,2.119999885559082,0.9800000190734863,13.539999961853027,50.060001373291016,25.450000762939453,47.689998626708984,205.2100067138672,64.73999786376953,2.0,4.09499979019165,6.338541507720947,8.95348834991455,11.149999618530273,12.38888931274414,12.802631378173828,5.699999809265137,9.130000114440918,14.59000015258789,15.100000381469727,10.9399995803833,28.34000015258789,28.34000015258789,556.97998046875,45,1.3084165942668915,0.8399999737739563,0.0,0.0,0.0,0.0,selfplay
1784424062,2026-07-19T20:27:56.848767+00:00,274,archive/games_1784493382.safetensors,100,6082.60009765625,11435,4632.35009765625,4780.2998046875,2.7745,1.739,0.9878,0.3167,9.289999961853027,3.1500000953674316,2.890000104904175,2.059999942779541,1.190000057220459,13.039999961853027,44.38999938964844,24.760000228881836,44.61000061035156,202.92999267578125,63.060001373291016,2.0,4.09499979019165,6.747252941131592,9.481249809265137,11.426470756530762,12.489795684814453,13.387499809265137,7.53000020980835,9.380000114440918,16.65999984741211,17.309999465942383,10.25,27.049999237060547,27.049999237060547,533.97998046875,45,1.302430722117424,0.8600000143051147,0.0,0.0,0.0,0.0,selfplay
1784424062,2026-07-19T20:37:32.649473+00:00,275,archive/games_1784493897.safetensors,100,6227.39990234375,10570,5078.75,4209.89990234375,2.7895,1.7503,0.991,0.3007,9.270000457763672,3.2799999713897705,3.009999990463257,1.8600000143051147,1.1200000047683716,16.920000076293945,52.310001373291016,23.510000228881836,43.439998626708984,202.00999450683594,67.76000213623047,2.0,4.809999942779541,7.355669975280762,10.073863983154297,12.301470756530762,13.401960372924805,13.728571891784668,5.949999809265137,9.270000457763672,14.720000267028809,15.1899995803833,9.25,24.729999542236328,24.729999542236328,546.3900146484375,45,1.2893436777591705,0.9100000262260437,0.0,0.0,0.0,0.0,selfplay
1784424062,2026-07-19T20:46:03.206822+00:00,276,archive/games_1784494459.safetensors,100,6168.85009765625,12725,5224.25,4045.75,2.8613,1.8092,1.002,0.2717,9.899999618530273,3.4700000286102295,3.109999895095825,2.299999952316284,1.0199999809265137,12.649999618530273,57.959999084472656,23.950000762939453,49.59000015258789,208.74000549316406,66.7699966430664,2.0,4.260000228881836,6.782828330993652,9.038461685180664,11.5,13.044642448425293,13.837209701538086,4.980000019073486,7.670000076293945,14.300000190734863,14.380000114440918,8.619999885559082,24.520000457763672,24.520000457763672,590.9299926757812,45,1.2647681844234466,0.8399999737739563,0.0,0.0,0.0,0.0,selfplay
1784424062,2026-07-19T20:55:27.726601+00:00,277,archive/games_1784494938.safetensors,100,5938.60009765625,13605,4858.64990234375,3873.35009765625,2.8617,1.8268,0.986,0.2822,9.4399995803833,3.490000009536743,3.059999942779541,1.6200000047683716,1.2699999809265137,10.680000305175781,40.4900016784668,22.809999465942383,42.400001525878906,208.5399932861328,61.22999954223633,2.0,3.865000009536743,6.798969268798828,8.75,10.659090995788574,11.181818008422852,11.800000190734863,5.059999942779541,7.820000171661377,13.399999618530273,13.550000190734863,6.539999961853027,23.06999969482422,23.06999969482422,501.9599914550781,45,1.3466510754823684,0.9300000071525574,0.0,0.0,0.0,0.0,selfplay
1784424062,2026-07-19T21:03:27.520980+00:00,278,archive/games_1784495363.safetensors,100,5534.7998046875,9945,5129.7001953125,2128.050048828125,2.847,1.8614,0.938,0.3094,8.720000267028809,2.9100000858306885,2.930000066757202,1.7899999618530273,1.090000033378601,12.5,40.0,16.81999969482422,25.959999084472656,190.2899932861328,59.560001373291016,2.0,4.110000133514404,6.0638298988342285,9.231249809265137,11.609090805053711,12.84615421295166,13.274999618530273,7.139999866485596,9.869999885559082,17.079999923706055,17.479999542236328,11.5,29.149999618530273,29.149999618530273,408.7099914550781,45,1.246380217075348,0.9300000071525574,0.0,0.0,0.0,0.0,selfplay
1784424062,2026-07-19T21:10:29.192527+00:00,279,archive/games_1784495805.safetensors,100,4826.2998046875,9555,4455.35009765625,1907.8499755859375,2.8734,1.8695,0.956,0.3143,8.199999809265137,3.069999933242798,2.75,1.2999999523162842,1.0800000429153442,7.570000171661377,26.559999465942383,14.130000114440918,19.030000686645508,189.83999633789062,55.20000076293945,2.0,3.464646577835083,6.362637519836426,8.86567211151123,10.848484992980957,10.647058486938477,12.100000381469727,6.309999942779541,9.069999694824219,16.399999618530273,16.579999923706055,11.369999885559082,27.450000762939453,27.450000762939453,302.6700134277344,45,1.2509542936086655,0.9900000095367432,0.0,0.0,0.0,0.0,selfplay
1784424062,2026-07-19T21:17:46.317661+00:00,280,archive/games_1784496642.safetensors,100,5547.89990234375,10250,2787.89990234375,4930.25,2.9088,1.8657,0.9962,0.3226,9.09000015258789,2.9200000762939453,3.109999895095825,1.8700000047683716,1.190000057220459,12.5600004196167,36.72999954223633,18.649999618530273,28.670000076293945,194.5,60.08000183105469,2.0,3.9200000762939453,5.773684024810791,8.174698829650879,10.056451797485352,10.666666984558105,11.942307472229004,6.21999979019165,9.140000343322754,16.100000381469727,16.610000610351562,12.930000305175781,31.6200008392334,31.6200008392334,422.6600036621094,45,1.385225522518158,0.949999988079071,0.0,0.0,0.0,0.0,league
1784424062,2026-07-19T21:31:41.694185+00:00,281,archive/games_1784497175.safetensors,100,6379.5,11455,4876.2998046875,4729.60009765625,2.9352,1.8967,0.992,0.3328,9.859999656677246,3.5199999809265137,2.9600000381469727,2.259999990463257,1.1200000047683716,12.350000381469727,56.84000015258789,25.100000381469727,48.310001373291016,211.02999877929688,65.02999877929688,2.0,4.125,7.276041507720947,9.921348571777344,11.360759735107422,12.676470756530762,13.085366249084473,6.059999942779541,7.659999847412109,13.649999618530273,13.6899995803833,7.769999980926514,23.40999984741211,23.40999984741211,593.6699829101562,45,1.3589290022850036,0.800000011920929,0.0,0.0,0.0,0.0,selfplay
1784424062,2026-07-19T21:40:44.802545+00:00,282,archive/games_1784497690.safetensors,100,5760.0,11470,4452.10009765625,4467.5498046875,2.9822,1.9407,0.9951,0.3082,9.199999809265137,3.240000009536743,2.869999885559082,2.009999990463257,1.0800000429153442,11.050000190734863,51.599998474121094,22.8700008392334,41.439998626708984,205.3300018310547,62.36000061035156,2.0,4.039999961853027,6.773684024810791,9.310976028442383,11.628787994384766,11.875,12.941176414489746,6.119999885559082,9.470000267028809,15.9399995803833,16.079999923706055,8.880000114440918,26.440000534057617,26.440000534057617,535.989990234375,45,1.283438391685486,0.800000011920929,0.0,0.0,0.0,0.0,selfplay
1784424062,2026-07-19T21:49:13.208125+00:00,283,archive/games_1784498108.safetensors,100,5010.85009765625,9025,2520.39990234375,4481.64990234375,2.8959,1.8976,0.9539,0.3292,8.680000305175781,2.890000104904175,2.809999942779541,1.9299999475479126,1.0499999523162842,10.170000076293945,40.33000183105469,17.06999969482422,32.400001525878906,194.7100067138672,55.650001525878906,2.0,3.6717171669006348,5.782608509063721,8.01282024383545,9.201923370361328,10.337838172912598,11.17241382598877,6.800000190734863,9.960000038146973,16.959999084472656,17.110000610351562,13.970000267028809,30.399999618530273,30.399999618530273,437.94000244140625,45,1.315309734940529,0.8500000238418579,0.0,0.0,0.0,0.0,selfplay
1784424062,2026-07-19T21:56:09.116589+00:00,284,archive/games_1784498504.safetensors,100,5005.75,9050,2338.39990234375,4371.85009765625,2.8798,1.9012,0.9344,0.3363,9.0600004196167,3.119999885559082,2.890000104904175,1.8600000143051147,1.190000057220459,7.460000038146973,36.97999954223633,15.0,23.649999618530273,195.72999572753906,54.970001220703125,2.0,3.186868667602539,5.808988571166992,8.399999618530273,9.884614944458008,11.44444465637207,11.94444465637207,6.610000133514404,10.550000190734863,17.030000686645508,17.6200008392334,9.430000305175781,27.670000076293945,27.670000076293945,382.8500061035156,45,1.2782423830032348,0.9300000071525574,0.0,0.0,0.0,0.0,selfplay
1784424062,2026-07-19T22:02:41.058303+00:00,285,archive/games_1784498974.safetensors,100,5888.85009765625,11790,4373.0498046875,4413.25,2.9144,1.8865,0.9818,0.3139,8.65999984741211,3.1600000858306885,2.680000066757202,1.7699999809265137,1.0499999523162842,14.470000267028809,48.529998779296875,23.399999618530273,38.689998626708984,196.6999969482422,62.459999084472656,2.0,4.954999923706055,7.34782600402832,9.888157844543457,11.453845977783203,12.522222518920898,13.25,7.170000076293945,10.4399995803833,17.829999923706055,18.209999084472656,10.920000076293945,27.8700008392334,27.8700008392334,521.1599731445312,45,1.2875626814365386,0.8500000238418579,0.0,0.0,0.0,0.0,selfplay
1784424062,2026-07-19T22:10:38.068046+00:00,286,archive/games_1784499486.safetensors,100,6053.2998046875,11720,4777.35009765625,4239.7001953125,2.9469,1.8816,1.0181,0.3027,9.550000190734863,3.4600000381469727,2.990000009536743,2.059999942779541,1.0399999618530273,10.329999923706055,46.33000183105469,23.530000686645508,46.220001220703125,210.02999877929688,62.5099983215332,2.0,3.634999990463257,6.373684406280518,8.643677711486816,10.295774459838867,10.964285850524902,11.310811042785645,6.019999980926514,8.899999618530273,13.5600004196167,13.579999923706055,9.0,22.360000610351562,22.360000610351562,545.5900268554688,45,1.3556737732887267,0.8299999833106995,0.0,0.0,0.0,0.0,selfplay
1784424062,2026-07-19T22:19:14.721202+00:00,287,archive/games_1784500087.safetensors,100,6259.14990234375,10560,5132.35009765625,4343.25,2.9717,1.9146,1.0089,0.2839,9.510000228881836,3.509999990463257,3.109999895095825,1.6799999475479126,1.2100000381469727,12.100000381469727,52.15999984741211,25.0,42.68000030517578,208.9600067138672,65.37000274658203,2.0,3.734999895095825,6.505263328552246,8.868131637573242,11.078571319580078,12.188679695129395,13.256410598754883,5.360000133514404,8.4399995803833,13.8100004196167,14.210000038146973,9.180000305175781,23.010000228881836,23.010000228881836,585.1599731445312,45,1.3345193737745285,0.8500000238418579,0.0,0.0,0.0,0.0,selfplay
1784424062,2026-07-19T22:29:15.096872+00:00,288,archive/games_1784500543.safetensors,100,5534.5,8820,4401.2001953125,3983.699951171875,2.974,1.8903,1.0358,0.2877,8.609999656677246,3.109999895095825,2.690000057220459,1.6699999570846558,1.1399999856948853,10.869999885559082,37.630001068115234,21.600000381469727,36.560001373291016,204.82000732421875,60.90999984741211,2.0,3.7049999237060547,6.252688407897949,8.416666984558105,10.754545211791992,11.88888931274414,12.333333015441895,6.460000038146973,8.6899995803833,15.399999618530273,15.470000267028809,11.520000457763672,27.3700008392334,27.3700008392334,465.4599914550781,45,1.281547302007675,0.8999999761581421,0.0,0.0,0.0,0.0,selfplay
1784424062,2026-07-19T22:36:55.191764+00:00,289,archive/games_1784501003.safetensors,100,5420.4501953125,9305,4319.5,3838.949951171875,2.9106,1.8319,1.0315,0.3155,9.119999885559082,3.319999933242798,2.940000057220459,1.7599999904632568,1.100000023841858,10.539999961853027,33.16999816894531,21.209999084472656,38.4900016784668,207.30999755859375,58.08000183105469,2.0,3.549999952316284,6.2419352531433105,8.600000381469727,10.158333778381348,10.360465049743652,11.579999923706055,6.570000171661377,8.199999809265137,14.079999923706055,14.260000228881836,8.489999771118164,27.920000076293945,27.920000076293945,445.6199951171875,45,1.3315508729219436,0.9200000166893005,0.0,0.0,0.0,0.0,selfplay
1784424062,2026-07-19T22:44:23.926936+00:00,290,archive/games_1784501962.safetensors,100,5771.2001953125,9430,4502.25,4388.25,2.9183,1.8175,1.0541,0.3159,9.130000114440918,3.3299999237060547,3.0,1.690000057220459,1.1100000143051147,10.359999656677246,39.939998626708984,23.450000762939453,40.099998474121094,211.47000122070312,59.939998626708984,2.0,3.315000057220459,5.840425491333008,8.207317352294922,9.469696998596191,10.279999732971191,10.985713958740234,5.739999771118164,7.949999809265137,14.630000114440918,15.5600004196167,8.3100004196167,26.329999923706055,26.329999923706055,511.1400146484375,45,1.3543532752990723,0.8899999856948853,0.0,0.0,0.0,0.0,league
1784424062,2026-07-19T23:00:25.119873+00:00,291,archive/games_1784502402.safetensors,100,5245.5,11805,4949.0,1956.0999755859375,2.9028,1.7904,1.0657,0.31,8.199999809265137,2.9100000858306885,2.609999895095825,1.5299999713897705,1.1399999856948853,6.75,31.15999984741211,16.389999389648438,24.899999618530273,187.32000732421875,52.43000030517578,2.0,2.880000114440918,5.27439022064209,7.905405521392822,9.642857551574707,10.594594955444336,10.840909004211426,8.739999771118164,12.640000343322754,17.459999084472656,18.030000686645508,12.029999732971191,30.25,30.25,372.54998779296875,45,1.2431710189580918,0.949999988079071,0.0,0.0,0.0,0.0,selfplay
1784424062,2026-07-19T23:07:43.092792+00:00,292,archive/games_1784502920.safetensors,100,6027.89990234375,9655,4179.14990234375,4748.0498046875,2.88,1.7694,1.0644,0.315,8.9399995803833,3.049999952316284,2.9000000953674316,1.840000033378601,1.1399999856948853,14.920000076293945,47.290000915527344,23.43000030517578,39.810001373291016,200.22000122070312,61.86000061035156,2.0,4.769999980926514,7.2580647468566895,9.320987701416016,10.591666221618652,11.887755393981934,12.833333015441895,6.320000171661377,9.470000267028809,16.270000457763672,16.600000381469727,12.020000457763672,28.239999771118164,28.239999771118164,529.8900146484375,45,1.3186003756523133,0.8199999928474426,0.0,0.0,0.0,0.0,selfplay
1784424062,2026-07-19T23:16:26.411632+00:00,293,archive/games_1784503453.safetensors,100,6120.7998046875,9770,4480.7998046875,4565.14990234375,2.8372,1.7709,1.0207,0.3497,9.369999885559082,3.319999933242798,3.299999952316284,1.6100000143051147,1.1399999856948853,14.289999961853027,44.91999816894531,23.56999969482422,44.66999816894531,205.8699951171875,65.7300033569336,2.0,4.304999828338623,6.7959184646606445,9.290698051452637,11.097015380859375,11.980392456054688,12.708333015441895,5.139999866485596,8.229999542236328,16.100000381469727,16.579999923706055,9.050000190734863,24.420000076293945,24.420000076293945,552.0999755859375,45,1.3526089376211166,0.8700000047683716,0.0,0.0,0.0,0.0,selfplay
1784424062,2026-07-19T23:25:18.763029+00:00,294,archive/games_1784503856.safetensors,100,5002.39990234375,10085,4707.0,1971.949951171875,2.7722,1.7349,0.9928,0.3652,8.789999961853027,3.109999895095825,2.7899999618530273,1.7300000190734863,1.159999966621399,9.0600004196167,32.58000183105469,15.75,28.190000534057617,188.5399932861328,54.52000045776367,2.0,3.4494948387145996,5.595505714416504,7.835526466369629,9.4399995803833,10.314285278320312,11.0625,6.800000190734863,11.149999618530273,17.65999984741211,17.90999984741211,11.1899995803833,29.5,29.5,390.4100036621094,45,1.3003488028049468,0.9100000262260437,0.0,0.0,0.0,0.0,selfplay
1784424062,2026-07-19T23:31:55.446755+00:00,295,archive/games_1784504320.safetensors,100,5621.89990234375,9375,5330.7998046875,1855.9000244140625,2.7139,1.7182,0.9525,0.3693,8.420000076293945,3.0299999713897705,2.809999942779541,1.4600000381469727,1.1200000047683716,10.770000457763672,45.2599983215332,16.280000686645508,27.110000610351562,194.77999877929688,59.2400016784668,2.0,3.5250000953674316,5.8021979331970215,8.224358558654785,9.67543888092041,10.72826099395752,10.926470756530762,6.429999828338623,10.520000457763672,16.760000228881836,16.979999542236328,10.34000015258789,29.8700008392334,29.8700008392334,458.010009765625,45,1.3210554349422454,0.9100000262260437,0.0,0.0,0.0,0.0,selfplay
1784424062,2026-07-19T23:39:41.986575+00:00,296,archive/games_1784504791.safetensors,100,5733.35009765625,9645,4155.9501953125,4396.2998046875,2.6815,1.7216,0.9174,0.3836,8.539999961853027,3.0299999713897705,2.7899999618530273,1.6299999952316284,1.090000033378601,14.0,36.380001068115234,23.030000686645508,37.060001373291016,193.83999633789062,58.290000915527344,2.0,4.71999979019165,7.195402145385742,9.493902206420898,10.609375,11.899999618530273,12.166666984558105,7.949999809265137,11.020000457763672,16.450000762939453,17.059999465942383,11.619999885559082,26.739999771118164,26.739999771118164,466.9800109863281,45,1.2567161279916763,0.9200000166893005,0.0,0.0,0.0,0.0,selfplay
1784424062,2026-07-19T23:47:31.308794+00:00,297,archive/games_1784505212.safetensors,100,5363.60009765625,9690,2184.699951171875,4953.10009765625,2.6716,1.7488,0.8809,0.4005,9.0600004196167,3.259999990463257,2.859999895095825,1.7599999904632568,1.1799999475479126,7.619999885559082,40.43000030517578,16.719999313354492,25.739999771118164,196.3699951171875,55.65999984741211,2.0,2.9696969985961914,5.709677219390869,8.175324440002441,9.916666984558105,11.223684310913086,12.017857551574707,6.110000133514404,9.4399995803833,15.130000114440918,15.420000076293945,8.800000190734863,28.09000015258789,28.09000015258789,408.8399963378906,45,1.2580831569433213,0.9200000166893005,0.0,0.0,0.0,0.0,selfplay
1784424062,2026-07-19T23:54:33.105887+00:00,298,archive/games_1784505633.safetensors,100,4928.14990234375,9445,4452.0,2351.0,2.7242,1.789,0.8921,0.3958,8.279999732971191,2.930000066757202,2.559999942779541,1.6699999570846558,1.1200000047683716,11.329999923706055,38.380001068115234,16.040000915527344,25.719999313354492,184.22000122070312,57.189998626708984,2.0,4.030303001403809,6.370370388031006,8.626760482788086,10.950980186462402,12.300000190734863,13.350000381469727,10.130000114440918,12.729999542236328,21.420000076293945,21.489999771118164,12.300000190734863,29.299999237060547,29.299999237060547,389.7799987792969,45,1.161755175292492,0.8999999761581421,0.0,0.0,0.0,0.0,selfplay
1784424062,2026-07-20T00:01:34.353688+00:00,299,archive/games_1784506158.safetensors,100,6388.4501953125,11760,5031.2998046875,4460.35009765625,2.8162,1.8476,0.924,0.3708,9.220000267028809,3.200000047683716,3.049999952316284,1.909999966621399,1.059999942779541,16.479999542236328,57.9900016784668,23.989999771118164,41.380001068115234,200.14999389648438,67.91999816894531,2.0,4.945000171661377,7.446808338165283,10.416666984558105,12.767123222351074,13.207547187805176,13.64102554321289,7.230000019073486,10.220000267028809,16.1200008392334,16.670000076293945,10.970000267028809,28.420000076293945,28.420000076293945,569.530029296875,45,1.2891673654317857,0.8500000238418579,0.0,0.0,0.0,0.0,selfplay
1784424062,2026-07-20T00:10:19.260462+00:00,300,archive/games_1784507232.safetensors,100,6040.0498046875,9545,4680.7998046875,4441.75,2.8224,1.8448,0.9329,0.3428,8.8100004196167,3.1600000858306885,2.9200000762939453,1.6299999952316284,1.100000023841858,13.760000228881836,37.08000183105469,24.559999465942383,46.81999969482422,203.27999877929688,61.459999084472656,2.0,4.320000171661377,6.582474231719971,8.511363983154297,10.183823585510254,11.446808815002441,11.741935729980469,5.46999979019165,7.840000152587891,14.0,14.579999923706055,10.579999923706055,30.40999984741211,30.40999984741211,526.8400268554688,45,1.347267097234726,0.8899999856948853,0.0,0.0,0.0,0.0,league
1784424062,2026-07-20T00:28:12.549940+00:00,301,archive/games_1784507662.safetensors,100,5171.0498046875,12160,4851.2001953125,1876.300048828125,2.8412,1.8468,0.9498,0.3371,8.15999984741211,2.9800000190734863,2.569999933242798,1.5700000524520874,1.0399999618530273,10.5,35.220001220703125,15.619999885559082,24.940000534057617,190.74000549316406,54.08000183105469,2.0,3.865000009536743,6.089887619018555,8.378377914428711,10.209091186523438,10.785714149475098,10.5,6.139999866485596,8.869999885559082,17.780000686645508,17.780000686645508,12.100000381469727,31.1200008392334,31.1200008392334,388.0,45,1.2273222929239274,0.9399999976158142,0.0,0.0,0.0,0.0,selfplay
1784424062,2026-07-20T00:35:19.653124+00:00,302,archive/games_1784508134.safetensors,100,6220.5498046875,11455,4649.14990234375,4627.4501953125,2.8924,1.8639,0.9826,0.3275,9.569999694824219,3.3499999046325684,2.8499999046325684,2.259999990463257,1.1100000143051147,11.010000228881836,51.54999923706055,24.5,47.38999938964844,209.17999267578125,62.040000915527344,2.0,4.050000190734863,6.77419376373291,9.286517143249512,11.041666984558105,12.0090913772583,11.948718070983887,5.510000228881836,7.610000133514404,15.300000190734863,15.329999923706055,10.149999618530273,25.06999969482422,25.06999969482422,544.6199951171875,45,1.322534754872322,0.8500000238418579,0.0,0.0,0.0,0.0,selfplay
1784424062,2026-07-20T00:43:17.051626+00:00,303,archive/games_1784508528.safetensors,100,5075.10009765625,10645,2359.0,4567.64990234375,2.8885,1.86,0.9826,0.3341,8.25,2.7300000190734863,2.630000114440918,1.840000033378601,1.0499999523162842,12.029999732971191,31.899999618530273,16.110000610351562,24.889999389648438,184.33999633789062,56.27000045776367,2.0,4.215000152587891,6.367815971374512,9.100000381469727,10.815217018127441,12.0,12.97826099395752,7.5,12.569999694824219,21.389999389648438,21.799999237060547,13.199999809265137,31.899999618530273,31.899999618530273,354.0799865722656,45,1.2496992313861848,0.9599999785423279,0.0,0.0,0.0,0.0,selfplay
1784424062,2026-07-20T00:49:45.618054+00:00,304,archive/games_1784509097.safetensors,100,6391.7001953125,10415,4903.14990234375,4840.9501953125,2.9791,1.8724,1.0581,0.2953,9.210000038146973,3.3299999237060547,3.069999933242798,1.8200000524520874,0.9900000095367432,15.5,55.20000076293945,26.43000030517578,45.939998626708984,198.02999877929688,65.83999633789062,2.0,5.054999828338623,7.395833492279053,10.090909004211426,11.88513469696045,12.813559532165527,13.122221946716309,5.909999847412109,9.390000343322754,14.899999618530273,15.239999771118164,10.350000381469727,27.010000228881836,27.010000228881836,584.6799926757812,45,1.3620117419958115,0.8500000238418579,0.0,0.0,0.0,0.0,selfplay
1784424062,2026-07-20T00:59:20.301671+00:00,305,archive/games_1784509533.safetensors,100,5474.9501953125,9470,1976.0999755859375,5136.2001953125,2.9072,1.8393,1.0205,0.3021,8.619999885559082,2.9700000286102295,2.8299999237060547,1.6399999856948853,1.1799999475479126,11.930000305175781,44.7599983215332,16.209999084472656,25.219999313354492,194.5500030517578,59.11000061035156,2.0,3.869999885559082,6.155172348022461,9.309859275817871,10.92241382598877,11.768292427062988,11.925926208496094,6.539999961853027,9.890000343322754,18.93000030517578,19.1299991607666,13.079999923706055,31.489999771118164,31.489999771118164,424.7300109863281,45,1.2709111613035202,0.9300000071525574,0.0,0.0,0.0,0.0,selfplay
1784424062,2026-07-20T01:06:34.976900+00:00,306,archive/games_1784510024.safetensors,100,6052.35009765625,9720,4615.0498046875,4417.75,2.9296,1.8463,1.0361,0.3066,8.880000114440918,3.0899999141693115,2.9000000953674316,1.8200000524520874,1.059999942779541,14.710000038146973,43.459999084472656,23.6200008392334,40.970001220703125,195.91000366210938,63.040000915527344,2.0,5.159999847412109,7.588541507720947,9.956250190734863,11.682539939880371,12.306122779846191,12.941176414489746,6.090000152587891,8.729999542236328,15.279999732971191,15.479999542236328,10.239999771118164,31.010000228881836,31.010000228881836,510.55999755859375,45,1.305776722431183,0.8600000143051147,0.0,0.0,0.0,0.0,selfplay
1784424062,2026-07-20T01:14:46.904481+00:00,307,archive/games_1784510428.safetensors,100,4962.25,8865,2486.60009765625,4238.35009765625,2.8991,1.8506,1.0026,0.3302,8.579999923706055,3.0199999809265137,2.740000009536743,1.659999966621399,1.159999966621399,9.520000457763672,36.689998626708984,16.260000228881836,29.030000686645508,195.08999633789062,53.0,2.0,3.984999895095825,6.150537490844727,8.239999771118164,9.942307472229004,11.121212005615234,11.434782981872559,4.960000038146973,7.179999828338623,16.850000381469727,17.450000762939453,12.399999618530273,28.1200008392334,28.1200008392334,392.44000244140625,45,1.2951065063476563,0.8999999761581421,0.0,0.0,0.0,0.0,selfplay
1784424062,2026-07-20T01:21:27.429942+00:00,308,archive/games_1784510830.safetensors,100,5351.0,9550,2234.14990234375,4871.85009765625,2.874,1.837,0.9915,0.3497,8.220000267028809,2.930000066757202,2.7200000286102295,1.4800000190734863,1.090000033378601,11.420000076293945,38.060001373291016,16.969999313354492,23.75,185.94000244140625,56.36000061035156,2.0,4.340000152587891,6.398876190185547,8.8125,10.370689392089844,11.367647171020508,11.774999618530273,5.179999828338623,10.09000015258789,19.329999923706055,19.43000030517578,13.279999732971191,29.8799991607666,29.8799991607666,383.5899963378906,45,1.286891541481018,0.9399999976158142,0.0,0.0,0.0,0.0,selfplay
1784424062,2026-07-20T01:28:08.791413+00:00,309,archive/games_1784511364.safetensors,100,6253.0498046875,13450,4318.5,4948.5,2.927,1.8577,1.0232,0.3274,9.59000015258789,3.140000104904175,3.0399999618530273,2.359999895095825,1.0499999523162842,12.539999961853027,51.439998626708984,23.65999984741211,44.7400016784668,206.36000061035156,62.72999954223633,2.0,4.054999828338623,6.82608699798584,9.677215576171875,11.873239517211914,12.474138259887695,13.159574508666992,6.789999961853027,9.029999732971191,17.1200008392334,17.780000686645508,11.020000457763672,28.389999389648438,28.389999389648438,574.0800170898438,45,1.3474896216392518,0.8199999928474426,0.0,0.0,0.0,0.0,selfplay
